{
  "info": {
    "name": "Spring Boot Many-to-Many API",
    "schema": "https://schema.getpostman.com/json/collection/v2.1.0/collection.json"
  },
  "item": [
    {
      "name": "Get All Tutorials",
      "request": {
        "method": "GET",
        "url": "{{baseUrl}}/api/tutorials"
      }
    },
    {
      "name": "Get Tutorial By ID",
      "request": {
        "method": "GET",
        "url": "{{baseUrl}}/api/tutorials/:id"
      }
    },
    {
      "name": "Create Tutorial",
      "request": {
        "method": "POST",
        "url": "{{baseUrl}}/api/tutorials",
        "body": {
          "mode": "raw",
          "raw": "{\n  \"title\": \"Sample Tutorial\",\n  \"description\": \"This is a test tutorial\",\n  \"published\": true\n}"
        },
        "header": [
          {
            "key": "Content-Type",
            "value": "application/json"
          }
        ]
      }
    },
    {
      "name": "Update Tutorial",
      "request": {
        "method": "PUT",
        "url": "{{baseUrl}}/api/tutorials/:id",
        "body": {
          "mode": "raw",
          "raw": "{\n  \"title\": \"Updated Tutorial\",\n  \"description\": \"Updated description\",\n  \"published\": false\n}"
        },
        "header": [
          {
            "key": "Content-Type",
            "value": "application/json"
          }
        ]
      }
    },
    {
      "name": "Delete Tutorial",
      "request": {
        "method": "DELETE",
        "url": "{{baseUrl}}/api/tutorials/:id"
      }
    },
    {
      "name": "Get All Tags",
      "request": {
        "method": "GET",
        "url": "{{baseUrl}}/api/tags"
      }
    },
    {
      "name": "Get Tags By Tutorial ID",
      "request": {
        "method": "GET",
        "url": "{{baseUrl}}/api/tutorials/:tutorialId/tags"
      }
    },
    {
      "name": "Get Tutorials By Tag ID",
      "request": {
        "method": "GET",
        "url": "{{baseUrl}}/api/tags/:tagId/tutorials"
      }
    },
    {
      "name": "Add Tag to Tutorial",
      "request": {
        "method": "POST",
        "url": "{{baseUrl}}/api/tutorials/:tutorialId/tags",
        "body": {
          "mode": "raw",
          "raw": "{\n  \"name\": \"Spring Boot\"\n}"
        },
        "header": [
          {
            "key": "Content-Type",
            "value": "application/json"
          }
        ]
      }
    },
    {
      "name": "Delete Tag from Tutorial",
      "request": {
        "method": "DELETE",
        "url": "{{baseUrl}}/api/tutorials/:tutorialId/tags/:tagId"
      }
    },
    {
      "name": "Delete Tag",
      "request": {
        "method": "DELETE",
        "url": "{{baseUrl}}/api/tags/:id"
      }
    }
  ]
}