<?xml version="1.0" encoding="UTF-8"?>
<Configuration status="WARN">
    <Appenders>
        <!-- Console Appender -->
        <Console name="Console" target="SYSTEM_OUT">
            <PatternLayout pattern="%d{yyyy-MM-dd HH:mm:ss} [%t] %-5level %logger{36} - %msg%n"/>
        </Console>

        <!-- File Appender -->
        <File name="FileLogger" fileName="logs/app.log">
            <PatternLayout>
                <Pattern>%d{yyyy-MM-dd HH:mm:ss} [%t] %-5level %logger{36} - %msg%n</Pattern>
            </PatternLayout>
        </File>
    </Appenders>

    <Loggers>
        <!-- Application Logger -->
        <Logger name="com.example" level="info" additivity="false">
            <AppenderRef ref="FileLogger"/>
            <AppenderRef ref="Console"/>

        </Logger>

        <!-- Root Logger -->
        <Root level="info">
            <AppenderRef ref="Console"/>
            <AppenderRef ref="FileLogger"/>
        </Root>
    </Loggers>
</Configuration>
