{
    "info": {
        "name": "Spring Boot OneToMany API",
        "schema": "https://schema.getpostman.com/json/collection/v2.1.0/collection.json",
        "_postman_id": "spring-boot-onetomany-api"
    },
    "item": [
        {
            "name": "Get all Tutorials",
            "request": {
                "method": "GET",
                "header": [],
                "url": "{{base_url}}/api/tutorials"
            }
        },
        {
            "name": "Get Tutorial by ID",
            "request": {
                "method": "GET",
                "header": [],
                "url": "{{base_url}}/api/tutorials/:id"
            }
        },
        {
            "name": "Create Tutorial",
            "request": {
                "method": "POST",
                "header": [
                    {
                        "key": "Content-Type",
                        "value": "application/json"
                    }
                ],
                "body": {
                    "mode": "raw",
                    "raw": "{\n    \"title\": \"Sample Tutorial\",\n    \"description\": \"This is a test tutorial\",\n    \"published\": true\n}"
                },
                "url": "{{base_url}}/api/tutorials"
            }
        },
        {
            "name": "Update Tutorial",
            "request": {
                "method": "PUT",
                "header": [
                    {
                        "key": "Content-Type",
                        "value": "application/json"
                    }
                ],
                "body": {
                    "mode": "raw",
                    "raw": "{\n    \"title\": \"Updated Tutorial\",\n    \"description\": \"Updated description\",\n    \"published\": true\n}"
                },
                "url": "{{base_url}}/api/tutorials/:id"
            }
        },
        {
            "name": "Delete Tutorial",
            "request": {
                "method": "DELETE",
                "header": [],
                "url": "{{base_url}}/api/tutorials/:id"
            }
        },
        {
            "name": "Delete All Tutorials",
            "request": {
                "method": "DELETE",
                "header": [],
                "url": "{{base_url}}/api/tutorials"
            }
        },
        {
            "name": "Get all Comments for a Tutorial",
            "request": {
                "method": "GET",
                "header": [],
                "url": "{{base_url}}/api/tutorials/:tutorialId/comments"
            }
        },
        {
            "name": "Get Comment by ID",
            "request": {
                "method": "GET",
                "header": [],
                "url": "{{base_url}}/api/comments/:id"
            }
        },
        {
            "name": "Create Comment for Tutorial",
            "request": {
                "method": "POST",
                "header": [
                    {
                        "key": "Content-Type",
                        "value": "application/json"
                    }
                ],
                "body": {
                    "mode": "raw",
                    "raw": "{\n    \"content\": \"This is a comment\"\n}"
                },
                "url": "{{base_url}}/api/tutorials/:tutorialId/comments"
            }
        },
        {
            "name": "Update Comment",
            "request": {
                "method": "PUT",
                "header": [
                    {
                        "key": "Content-Type",
                        "value": "application/json"
                    }
                ],
                "body": {
                    "mode": "raw",
                    "raw": "{\n    \"content\": \"Updated comment\"\n}"
                },
                "url": "{{base_url}}/api/comments/:id"
            }
        },
        {
            "name": "Delete Comment",
            "request": {
                "method": "DELETE",
                "header": [],
                "url": "{{base_url}}/api/comments/:id"
            }
        },
        {
            "name": "Delete All Comments for a Tutorial",
            "request": {
                "method": "DELETE",
                "header": [],
                "url": "{{base_url}}/api/tutorials/:tutorialId/comments"
            }
        }
    ],
    "variable": [
        {
            "key": "base_url",
            "value": "http://localhost:8080"
        }
    ]
}